﻿<?xml version="1.0" encoding="utf-8"?>
<abapGit version="v1.0.0" serializer="LCL_OBJECT_CLAS" serializer_version="v1.0.0">
 <asx:abap xmlns:asx="http://www.sap.com/abapxml" version="1.0">
  <asx:values>
   <VSEOCLASS>
    <CLSNAME>ZCL_ZDLWR_MES_EWM_ODAT_DPC</CLSNAME>
    <LANGU>E</LANGU>
    <DESCRIPT>Data Provider Base Class</DESCRIPT>
    <STATE>1</STATE>
    <CLSCCINCL>X</CLSCCINCL>
    <FIXPT>X</FIXPT>
    <UNICODE>X</UNICODE>
   </VSEOCLASS>
   <DESCRIPTIONS>
    <SEOCOMPOTX>
     <CLSNAME>ZCL_ZDLWR_MES_EWM_ODAT_DPC</CLSNAME>
     <CMPNAME>ASSIGNOBDTUSET_CREATE_ENTITY</CMPNAME>
     <LANGU>E</LANGU>
     <DESCRIPT>Related EntitySet Name: AssignObdTuSet</DESCRIPT>
    </SEOCOMPOTX>
    <SEOCOMPOTX>
     <CLSNAME>ZCL_ZDLWR_MES_EWM_ODAT_DPC</CLSNAME>
     <CMPNAME>ASSIGNOBDTUSET_DELETE_ENTITY</CMPNAME>
     <LANGU>E</LANGU>
     <DESCRIPT>Related EntitySet Name: AssignObdTuSet</DESCRIPT>
    </SEOCOMPOTX>
    <SEOCOMPOTX>
     <CLSNAME>ZCL_ZDLWR_MES_EWM_ODAT_DPC</CLSNAME>
     <CMPNAME>ASSIGNOBDTUSET_GET_ENTITY</CMPNAME>
     <LANGU>E</LANGU>
     <DESCRIPT>Related EntitySet Name: AssignObdTuSet</DESCRIPT>
    </SEOCOMPOTX>
    <SEOCOMPOTX>
     <CLSNAME>ZCL_ZDLWR_MES_EWM_ODAT_DPC</CLSNAME>
     <CMPNAME>ASSIGNOBDTUSET_GET_ENTITYSET</CMPNAME>
     <LANGU>E</LANGU>
     <DESCRIPT>Related EntitySet Name: AssignObdTuSet</DESCRIPT>
    </SEOCOMPOTX>
    <SEOCOMPOTX>
     <CLSNAME>ZCL_ZDLWR_MES_EWM_ODAT_DPC</CLSNAME>
     <CMPNAME>ASSIGNOBDTUSET_UPDATE_ENTITY</CMPNAME>
     <LANGU>E</LANGU>
     <DESCRIPT>Related EntitySet Name: AssignObdTuSet</DESCRIPT>
    </SEOCOMPOTX>
    <SEOCOMPOTX>
     <CLSNAME>ZCL_ZDLWR_MES_EWM_ODAT_DPC</CLSNAME>
     <CMPNAME>ASSIGNTUDOORSET_CREATE_ENTITY</CMPNAME>
     <LANGU>E</LANGU>
     <DESCRIPT>Related EntitySet Name: AssignTuDoorSet</DESCRIPT>
    </SEOCOMPOTX>
    <SEOCOMPOTX>
     <CLSNAME>ZCL_ZDLWR_MES_EWM_ODAT_DPC</CLSNAME>
     <CMPNAME>ASSIGNTUDOORSET_DELETE_ENTITY</CMPNAME>
     <LANGU>E</LANGU>
     <DESCRIPT>Related EntitySet Name: AssignTuDoorSet</DESCRIPT>
    </SEOCOMPOTX>
    <SEOCOMPOTX>
     <CLSNAME>ZCL_ZDLWR_MES_EWM_ODAT_DPC</CLSNAME>
     <CMPNAME>ASSIGNTUDOORSET_GET_ENTITY</CMPNAME>
     <LANGU>E</LANGU>
     <DESCRIPT>Related EntitySet Name: AssignTuDoorSet</DESCRIPT>
    </SEOCOMPOTX>
    <SEOCOMPOTX>
     <CLSNAME>ZCL_ZDLWR_MES_EWM_ODAT_DPC</CLSNAME>
     <CMPNAME>ASSIGNTUDOORSET_GET_ENTITYSET</CMPNAME>
     <LANGU>E</LANGU>
     <DESCRIPT>Related EntitySet Name: AssignTuDoorSet</DESCRIPT>
    </SEOCOMPOTX>
    <SEOCOMPOTX>
     <CLSNAME>ZCL_ZDLWR_MES_EWM_ODAT_DPC</CLSNAME>
     <CMPNAME>ASSIGNTUDOORSET_UPDATE_ENTITY</CMPNAME>
     <LANGU>E</LANGU>
     <DESCRIPT>Related EntitySet Name: AssignTuDoorSet</DESCRIPT>
    </SEOCOMPOTX>
    <SEOCOMPOTX>
     <CLSNAME>ZCL_ZDLWR_MES_EWM_ODAT_DPC</CLSNAME>
     <CMPNAME>CLOSEHUSET_CREATE_ENTITY</CMPNAME>
     <LANGU>E</LANGU>
     <DESCRIPT>Related EntitySet Name: closeHuSet</DESCRIPT>
    </SEOCOMPOTX>
    <SEOCOMPOTX>
     <CLSNAME>ZCL_ZDLWR_MES_EWM_ODAT_DPC</CLSNAME>
     <CMPNAME>CLOSEHUSET_DELETE_ENTITY</CMPNAME>
     <LANGU>E</LANGU>
     <DESCRIPT>Related EntitySet Name: closeHuSet</DESCRIPT>
    </SEOCOMPOTX>
    <SEOCOMPOTX>
     <CLSNAME>ZCL_ZDLWR_MES_EWM_ODAT_DPC</CLSNAME>
     <CMPNAME>CLOSEHUSET_GET_ENTITY</CMPNAME>
     <LANGU>E</LANGU>
     <DESCRIPT>Related EntitySet Name: closeHuSet</DESCRIPT>
    </SEOCOMPOTX>
    <SEOCOMPOTX>
     <CLSNAME>ZCL_ZDLWR_MES_EWM_ODAT_DPC</CLSNAME>
     <CMPNAME>CLOSEHUSET_GET_ENTITYSET</CMPNAME>
     <LANGU>E</LANGU>
     <DESCRIPT>Related EntitySet Name: closeHuSet</DESCRIPT>
    </SEOCOMPOTX>
    <SEOCOMPOTX>
     <CLSNAME>ZCL_ZDLWR_MES_EWM_ODAT_DPC</CLSNAME>
     <CMPNAME>CLOSEHUSET_UPDATE_ENTITY</CMPNAME>
     <LANGU>E</LANGU>
     <DESCRIPT>Related EntitySet Name: closeHuSet</DESCRIPT>
    </SEOCOMPOTX>
    <SEOCOMPOTX>
     <CLSNAME>ZCL_ZDLWR_MES_EWM_ODAT_DPC</CLSNAME>
     <CMPNAME>CREATEPACKHUSET_CREATE_ENTITY</CMPNAME>
     <LANGU>E</LANGU>
     <DESCRIPT>Related EntitySet Name: CreatePackHUSet</DESCRIPT>
    </SEOCOMPOTX>
    <SEOCOMPOTX>
     <CLSNAME>ZCL_ZDLWR_MES_EWM_ODAT_DPC</CLSNAME>
     <CMPNAME>CREATEPACKHUSET_DELETE_ENTITY</CMPNAME>
     <LANGU>E</LANGU>
     <DESCRIPT>Related EntitySet Name: CreatePackHUSet</DESCRIPT>
    </SEOCOMPOTX>
    <SEOCOMPOTX>
     <CLSNAME>ZCL_ZDLWR_MES_EWM_ODAT_DPC</CLSNAME>
     <CMPNAME>CREATEPACKHUSET_GET_ENTITY</CMPNAME>
     <LANGU>E</LANGU>
     <DESCRIPT>Related EntitySet Name: CreatePackHUSet</DESCRIPT>
    </SEOCOMPOTX>
    <SEOCOMPOTX>
     <CLSNAME>ZCL_ZDLWR_MES_EWM_ODAT_DPC</CLSNAME>
     <CMPNAME>CREATEPACKHUSET_GET_ENTITYSET</CMPNAME>
     <LANGU>E</LANGU>
     <DESCRIPT>Related EntitySet Name: CreatePackHUSet</DESCRIPT>
    </SEOCOMPOTX>
    <SEOCOMPOTX>
     <CLSNAME>ZCL_ZDLWR_MES_EWM_ODAT_DPC</CLSNAME>
     <CMPNAME>CREATEPACKHUSET_UPDATE_ENTITY</CMPNAME>
     <LANGU>E</LANGU>
     <DESCRIPT>Related EntitySet Name: CreatePackHUSet</DESCRIPT>
    </SEOCOMPOTX>
    <SEOCOMPOTX>
     <CLSNAME>ZCL_ZDLWR_MES_EWM_ODAT_DPC</CLSNAME>
     <CMPNAME>CREATETUSET_CREATE_ENTITY</CMPNAME>
     <LANGU>E</LANGU>
     <DESCRIPT>Related EntitySet Name: CreateTuSet</DESCRIPT>
    </SEOCOMPOTX>
    <SEOCOMPOTX>
     <CLSNAME>ZCL_ZDLWR_MES_EWM_ODAT_DPC</CLSNAME>
     <CMPNAME>CREATETUSET_DELETE_ENTITY</CMPNAME>
     <LANGU>E</LANGU>
     <DESCRIPT>Related EntitySet Name: CreateTuSet</DESCRIPT>
    </SEOCOMPOTX>
    <SEOCOMPOTX>
     <CLSNAME>ZCL_ZDLWR_MES_EWM_ODAT_DPC</CLSNAME>
     <CMPNAME>CREATETUSET_GET_ENTITY</CMPNAME>
     <LANGU>E</LANGU>
     <DESCRIPT>Related EntitySet Name: CreateTuSet</DESCRIPT>
    </SEOCOMPOTX>
    <SEOCOMPOTX>
     <CLSNAME>ZCL_ZDLWR_MES_EWM_ODAT_DPC</CLSNAME>
     <CMPNAME>CREATETUSET_GET_ENTITYSET</CMPNAME>
     <LANGU>E</LANGU>
     <DESCRIPT>Related EntitySet Name: CreateTuSet</DESCRIPT>
    </SEOCOMPOTX>
    <SEOCOMPOTX>
     <CLSNAME>ZCL_ZDLWR_MES_EWM_ODAT_DPC</CLSNAME>
     <CMPNAME>CREATETUSET_UPDATE_ENTITY</CMPNAME>
     <LANGU>E</LANGU>
     <DESCRIPT>Related EntitySet Name: CreateTuSet</DESCRIPT>
    </SEOCOMPOTX>
    <SEOCOMPOTX>
     <CLSNAME>ZCL_ZDLWR_MES_EWM_ODAT_DPC</CLSNAME>
     <CMPNAME>DELHUFROMTUSET_CREATE_ENTITY</CMPNAME>
     <LANGU>E</LANGU>
     <DESCRIPT>Related EntitySet Name: DelHuFromTuSet</DESCRIPT>
    </SEOCOMPOTX>
    <SEOCOMPOTX>
     <CLSNAME>ZCL_ZDLWR_MES_EWM_ODAT_DPC</CLSNAME>
     <CMPNAME>DELHUFROMTUSET_DELETE_ENTITY</CMPNAME>
     <LANGU>E</LANGU>
     <DESCRIPT>Related EntitySet Name: DelHuFromTuSet</DESCRIPT>
    </SEOCOMPOTX>
    <SEOCOMPOTX>
     <CLSNAME>ZCL_ZDLWR_MES_EWM_ODAT_DPC</CLSNAME>
     <CMPNAME>DELHUFROMTUSET_GET_ENTITY</CMPNAME>
     <LANGU>E</LANGU>
     <DESCRIPT>Related EntitySet Name: DelHuFromTuSet</DESCRIPT>
    </SEOCOMPOTX>
    <SEOCOMPOTX>
     <CLSNAME>ZCL_ZDLWR_MES_EWM_ODAT_DPC</CLSNAME>
     <CMPNAME>DELHUFROMTUSET_GET_ENTITYSET</CMPNAME>
     <LANGU>E</LANGU>
     <DESCRIPT>Related EntitySet Name: DelHuFromTuSet</DESCRIPT>
    </SEOCOMPOTX>
    <SEOCOMPOTX>
     <CLSNAME>ZCL_ZDLWR_MES_EWM_ODAT_DPC</CLSNAME>
     <CMPNAME>DELHUFROMTUSET_UPDATE_ENTITY</CMPNAME>
     <LANGU>E</LANGU>
     <DESCRIPT>Related EntitySet Name: DelHuFromTuSet</DESCRIPT>
    </SEOCOMPOTX>
    <SEOCOMPOTX>
     <CLSNAME>ZCL_ZDLWR_MES_EWM_ODAT_DPC</CLSNAME>
     <CMPNAME>GETALLWHSETASKSS_CREATE_ENTITY</CMPNAME>
     <LANGU>E</LANGU>
     <DESCRIPT>Related EntitySet Name: getAllWhseTasksSet</DESCRIPT>
    </SEOCOMPOTX>
    <SEOCOMPOTX>
     <CLSNAME>ZCL_ZDLWR_MES_EWM_ODAT_DPC</CLSNAME>
     <CMPNAME>GETALLWHSETASKSS_DELETE_ENTITY</CMPNAME>
     <LANGU>E</LANGU>
     <DESCRIPT>Related EntitySet Name: getAllWhseTasksSet</DESCRIPT>
    </SEOCOMPOTX>
    <SEOCOMPOTX>
     <CLSNAME>ZCL_ZDLWR_MES_EWM_ODAT_DPC</CLSNAME>
     <CMPNAME>GETALLWHSETASKSS_GET_ENTITY</CMPNAME>
     <LANGU>E</LANGU>
     <DESCRIPT>Related EntitySet Name: getAllWhseTasksSet</DESCRIPT>
    </SEOCOMPOTX>
    <SEOCOMPOTX>
     <CLSNAME>ZCL_ZDLWR_MES_EWM_ODAT_DPC</CLSNAME>
     <CMPNAME>GETALLWHSETASKSS_GET_ENTITYSET</CMPNAME>
     <LANGU>E</LANGU>
     <DESCRIPT>Related EntitySet Name: getAllWhseTasksSet</DESCRIPT>
    </SEOCOMPOTX>
    <SEOCOMPOTX>
     <CLSNAME>ZCL_ZDLWR_MES_EWM_ODAT_DPC</CLSNAME>
     <CMPNAME>GETALLWHSETASKSS_UPDATE_ENTITY</CMPNAME>
     <LANGU>E</LANGU>
     <DESCRIPT>Related EntitySet Name: getAllWhseTasksSet</DESCRIPT>
    </SEOCOMPOTX>
    <SEOCOMPOTX>
     <CLSNAME>ZCL_ZDLWR_MES_EWM_ODAT_DPC</CLSNAME>
     <CMPNAME>GETPICKWHORDERSS_CREATE_ENTITY</CMPNAME>
     <LANGU>E</LANGU>
     <DESCRIPT>Related EntitySet Name: getPickWhOrdersSet</DESCRIPT>
    </SEOCOMPOTX>
    <SEOCOMPOTX>
     <CLSNAME>ZCL_ZDLWR_MES_EWM_ODAT_DPC</CLSNAME>
     <CMPNAME>GETPICKWHORDERSS_DELETE_ENTITY</CMPNAME>
     <LANGU>E</LANGU>
     <DESCRIPT>Related EntitySet Name: getPickWhOrdersSet</DESCRIPT>
    </SEOCOMPOTX>
    <SEOCOMPOTX>
     <CLSNAME>ZCL_ZDLWR_MES_EWM_ODAT_DPC</CLSNAME>
     <CMPNAME>GETPICKWHORDERSS_GET_ENTITY</CMPNAME>
     <LANGU>E</LANGU>
     <DESCRIPT>Related EntitySet Name: getPickWhOrdersSet</DESCRIPT>
    </SEOCOMPOTX>
    <SEOCOMPOTX>
     <CLSNAME>ZCL_ZDLWR_MES_EWM_ODAT_DPC</CLSNAME>
     <CMPNAME>GETPICKWHORDERSS_GET_ENTITYSET</CMPNAME>
     <LANGU>E</LANGU>
     <DESCRIPT>Related EntitySet Name: getPickWhOrdersSet</DESCRIPT>
    </SEOCOMPOTX>
    <SEOCOMPOTX>
     <CLSNAME>ZCL_ZDLWR_MES_EWM_ODAT_DPC</CLSNAME>
     <CMPNAME>GETPICKWHORDERSS_UPDATE_ENTITY</CMPNAME>
     <LANGU>E</LANGU>
     <DESCRIPT>Related EntitySet Name: getPickWhOrdersSet</DESCRIPT>
    </SEOCOMPOTX>
    <SEOCOMPOTX>
     <CLSNAME>ZCL_ZDLWR_MES_EWM_ODAT_DPC</CLSNAME>
     <CMPNAME>GETSTOCKSET_CREATE_ENTITY</CMPNAME>
     <LANGU>E</LANGU>
     <DESCRIPT>Related EntitySet Name: GetStockSet</DESCRIPT>
    </SEOCOMPOTX>
    <SEOCOMPOTX>
     <CLSNAME>ZCL_ZDLWR_MES_EWM_ODAT_DPC</CLSNAME>
     <CMPNAME>GETSTOCKSET_DELETE_ENTITY</CMPNAME>
     <LANGU>E</LANGU>
     <DESCRIPT>Related EntitySet Name: GetStockSet</DESCRIPT>
    </SEOCOMPOTX>
    <SEOCOMPOTX>
     <CLSNAME>ZCL_ZDLWR_MES_EWM_ODAT_DPC</CLSNAME>
     <CMPNAME>GETSTOCKSET_GET_ENTITY</CMPNAME>
     <LANGU>E</LANGU>
     <DESCRIPT>Related EntitySet Name: GetStockSet</DESCRIPT>
    </SEOCOMPOTX>
    <SEOCOMPOTX>
     <CLSNAME>ZCL_ZDLWR_MES_EWM_ODAT_DPC</CLSNAME>
     <CMPNAME>GETSTOCKSET_GET_ENTITYSET</CMPNAME>
     <LANGU>E</LANGU>
     <DESCRIPT>Related EntitySet Name: GetStockSet</DESCRIPT>
    </SEOCOMPOTX>
    <SEOCOMPOTX>
     <CLSNAME>ZCL_ZDLWR_MES_EWM_ODAT_DPC</CLSNAME>
     <CMPNAME>GETSTOCKSET_UPDATE_ENTITY</CMPNAME>
     <LANGU>E</LANGU>
     <DESCRIPT>Related EntitySet Name: GetStockSet</DESCRIPT>
    </SEOCOMPOTX>
    <SEOCOMPOTX>
     <CLSNAME>ZCL_ZDLWR_MES_EWM_ODAT_DPC</CLSNAME>
     <CMPNAME>GETTUFORGISET_CREATE_ENTITY</CMPNAME>
     <LANGU>E</LANGU>
     <DESCRIPT>Related EntitySet Name: GetTuforGISet</DESCRIPT>
    </SEOCOMPOTX>
    <SEOCOMPOTX>
     <CLSNAME>ZCL_ZDLWR_MES_EWM_ODAT_DPC</CLSNAME>
     <CMPNAME>GETTUFORGISET_DELETE_ENTITY</CMPNAME>
     <LANGU>E</LANGU>
     <DESCRIPT>Related EntitySet Name: GetTuforGISet</DESCRIPT>
    </SEOCOMPOTX>
    <SEOCOMPOTX>
     <CLSNAME>ZCL_ZDLWR_MES_EWM_ODAT_DPC</CLSNAME>
     <CMPNAME>GETTUFORGISET_GET_ENTITY</CMPNAME>
     <LANGU>E</LANGU>
     <DESCRIPT>Related EntitySet Name: GetTuforGISet</DESCRIPT>
    </SEOCOMPOTX>
    <SEOCOMPOTX>
     <CLSNAME>ZCL_ZDLWR_MES_EWM_ODAT_DPC</CLSNAME>
     <CMPNAME>GETTUFORGISET_GET_ENTITYSET</CMPNAME>
     <LANGU>E</LANGU>
     <DESCRIPT>Related EntitySet Name: GetTuforGISet</DESCRIPT>
    </SEOCOMPOTX>
    <SEOCOMPOTX>
     <CLSNAME>ZCL_ZDLWR_MES_EWM_ODAT_DPC</CLSNAME>
     <CMPNAME>GETTUFORGISET_UPDATE_ENTITY</CMPNAME>
     <LANGU>E</LANGU>
     <DESCRIPT>Related EntitySet Name: GetTuforGISet</DESCRIPT>
    </SEOCOMPOTX>
    <SEOCOMPOTX>
     <CLSNAME>ZCL_ZDLWR_MES_EWM_ODAT_DPC</CLSNAME>
     <CMPNAME>GOODSISSUETUSET_CREATE_ENTITY</CMPNAME>
     <LANGU>E</LANGU>
     <DESCRIPT>Related EntitySet Name: GoodsIssueTuSet</DESCRIPT>
    </SEOCOMPOTX>
    <SEOCOMPOTX>
     <CLSNAME>ZCL_ZDLWR_MES_EWM_ODAT_DPC</CLSNAME>
     <CMPNAME>GOODSISSUETUSET_DELETE_ENTITY</CMPNAME>
     <LANGU>E</LANGU>
     <DESCRIPT>Related EntitySet Name: GoodsIssueTuSet</DESCRIPT>
    </SEOCOMPOTX>
    <SEOCOMPOTX>
     <CLSNAME>ZCL_ZDLWR_MES_EWM_ODAT_DPC</CLSNAME>
     <CMPNAME>GOODSISSUETUSET_GET_ENTITY</CMPNAME>
     <LANGU>E</LANGU>
     <DESCRIPT>Related EntitySet Name: GoodsIssueTuSet</DESCRIPT>
    </SEOCOMPOTX>
    <SEOCOMPOTX>
     <CLSNAME>ZCL_ZDLWR_MES_EWM_ODAT_DPC</CLSNAME>
     <CMPNAME>GOODSISSUETUSET_GET_ENTITYSET</CMPNAME>
     <LANGU>E</LANGU>
     <DESCRIPT>Related EntitySet Name: GoodsIssueTuSet</DESCRIPT>
    </SEOCOMPOTX>
    <SEOCOMPOTX>
     <CLSNAME>ZCL_ZDLWR_MES_EWM_ODAT_DPC</CLSNAME>
     <CMPNAME>GOODSISSUETUSET_UPDATE_ENTITY</CMPNAME>
     <LANGU>E</LANGU>
     <DESCRIPT>Related EntitySet Name: GoodsIssueTuSet</DESCRIPT>
    </SEOCOMPOTX>
    <SEOCOMPOTX>
     <CLSNAME>ZCL_ZDLWR_MES_EWM_ODAT_DPC</CLSNAME>
     <CMPNAME>HUCLOSESET_CREATE_ENTITY</CMPNAME>
     <LANGU>E</LANGU>
     <DESCRIPT>Related EntitySet Name: HUCloseSet</DESCRIPT>
    </SEOCOMPOTX>
    <SEOCOMPOTX>
     <CLSNAME>ZCL_ZDLWR_MES_EWM_ODAT_DPC</CLSNAME>
     <CMPNAME>HUCLOSESET_DELETE_ENTITY</CMPNAME>
     <LANGU>E</LANGU>
     <DESCRIPT>Related EntitySet Name: HUCloseSet</DESCRIPT>
    </SEOCOMPOTX>
    <SEOCOMPOTX>
     <CLSNAME>ZCL_ZDLWR_MES_EWM_ODAT_DPC</CLSNAME>
     <CMPNAME>HUCLOSESET_GET_ENTITY</CMPNAME>
     <LANGU>E</LANGU>
     <DESCRIPT>Related EntitySet Name: HUCloseSet</DESCRIPT>
    </SEOCOMPOTX>
    <SEOCOMPOTX>
     <CLSNAME>ZCL_ZDLWR_MES_EWM_ODAT_DPC</CLSNAME>
     <CMPNAME>HUCLOSESET_GET_ENTITYSET</CMPNAME>
     <LANGU>E</LANGU>
     <DESCRIPT>Related EntitySet Name: HUCloseSet</DESCRIPT>
    </SEOCOMPOTX>
    <SEOCOMPOTX>
     <CLSNAME>ZCL_ZDLWR_MES_EWM_ODAT_DPC</CLSNAME>
     <CMPNAME>HUCLOSESET_UPDATE_ENTITY</CMPNAME>
     <LANGU>E</LANGU>
     <DESCRIPT>Related EntitySet Name: HUCloseSet</DESCRIPT>
    </SEOCOMPOTX>
    <SEOCOMPOTX>
     <CLSNAME>ZCL_ZDLWR_MES_EWM_ODAT_DPC</CLSNAME>
     <CMPNAME>HULOADSET_CREATE_ENTITY</CMPNAME>
     <LANGU>E</LANGU>
     <DESCRIPT>Related EntitySet Name: HULoadSet</DESCRIPT>
    </SEOCOMPOTX>
    <SEOCOMPOTX>
     <CLSNAME>ZCL_ZDLWR_MES_EWM_ODAT_DPC</CLSNAME>
     <CMPNAME>HULOADSET_DELETE_ENTITY</CMPNAME>
     <LANGU>E</LANGU>
     <DESCRIPT>Related EntitySet Name: HULoadSet</DESCRIPT>
    </SEOCOMPOTX>
    <SEOCOMPOTX>
     <CLSNAME>ZCL_ZDLWR_MES_EWM_ODAT_DPC</CLSNAME>
     <CMPNAME>HULOADSET_GET_ENTITY</CMPNAME>
     <LANGU>E</LANGU>
     <DESCRIPT>Related EntitySet Name: HULoadSet</DESCRIPT>
    </SEOCOMPOTX>
    <SEOCOMPOTX>
     <CLSNAME>ZCL_ZDLWR_MES_EWM_ODAT_DPC</CLSNAME>
     <CMPNAME>HULOADSET_GET_ENTITYSET</CMPNAME>
     <LANGU>E</LANGU>
     <DESCRIPT>Related EntitySet Name: HULoadSet</DESCRIPT>
    </SEOCOMPOTX>
    <SEOCOMPOTX>
     <CLSNAME>ZCL_ZDLWR_MES_EWM_ODAT_DPC</CLSNAME>
     <CMPNAME>HULOADSET_UPDATE_ENTITY</CMPNAME>
     <LANGU>E</LANGU>
     <DESCRIPT>Related EntitySet Name: HULoadSet</DESCRIPT>
    </SEOCOMPOTX>
    <SEOCOMPOTX>
     <CLSNAME>ZCL_ZDLWR_MES_EWM_ODAT_DPC</CLSNAME>
     <CMPNAME>INBOUNDDECONPROC_CREATE_ENTITY</CMPNAME>
     <LANGU>E</LANGU>
     <DESCRIPT>Related EntitySet Name: InboundDeconProcessSet</DESCRIPT>
    </SEOCOMPOTX>
    <SEOCOMPOTX>
     <CLSNAME>ZCL_ZDLWR_MES_EWM_ODAT_DPC</CLSNAME>
     <CMPNAME>INBOUNDDECONPROC_DELETE_ENTITY</CMPNAME>
     <LANGU>E</LANGU>
     <DESCRIPT>Related EntitySet Name: InboundDeconProcessSet</DESCRIPT>
    </SEOCOMPOTX>
    <SEOCOMPOTX>
     <CLSNAME>ZCL_ZDLWR_MES_EWM_ODAT_DPC</CLSNAME>
     <CMPNAME>INBOUNDDECONPROC_GET_ENTITY</CMPNAME>
     <LANGU>E</LANGU>
     <DESCRIPT>Related EntitySet Name: InboundDeconProcessSet</DESCRIPT>
    </SEOCOMPOTX>
    <SEOCOMPOTX>
     <CLSNAME>ZCL_ZDLWR_MES_EWM_ODAT_DPC</CLSNAME>
     <CMPNAME>INBOUNDDECONPROC_GET_ENTITYSET</CMPNAME>
     <LANGU>E</LANGU>
     <DESCRIPT>Related EntitySet Name: InboundDeconProcessSet</DESCRIPT>
    </SEOCOMPOTX>
    <SEOCOMPOTX>
     <CLSNAME>ZCL_ZDLWR_MES_EWM_ODAT_DPC</CLSNAME>
     <CMPNAME>INBOUNDDECONPROC_UPDATE_ENTITY</CMPNAME>
     <LANGU>E</LANGU>
     <DESCRIPT>Related EntitySet Name: InboundDeconProcessSet</DESCRIPT>
    </SEOCOMPOTX>
    <SEOCOMPOTX>
     <CLSNAME>ZCL_ZDLWR_MES_EWM_ODAT_DPC</CLSNAME>
     <CMPNAME>OUTBOUNDPICKPROC_CREATE_ENTITY</CMPNAME>
     <LANGU>E</LANGU>
     <DESCRIPT>Related EntitySet Name: OutBoundPickProcessSet</DESCRIPT>
    </SEOCOMPOTX>
    <SEOCOMPOTX>
     <CLSNAME>ZCL_ZDLWR_MES_EWM_ODAT_DPC</CLSNAME>
     <CMPNAME>OUTBOUNDPICKPROC_DELETE_ENTITY</CMPNAME>
     <LANGU>E</LANGU>
     <DESCRIPT>Related EntitySet Name: OutBoundPickProcessSet</DESCRIPT>
    </SEOCOMPOTX>
    <SEOCOMPOTX>
     <CLSNAME>ZCL_ZDLWR_MES_EWM_ODAT_DPC</CLSNAME>
     <CMPNAME>OUTBOUNDPICKPROC_GET_ENTITY</CMPNAME>
     <LANGU>E</LANGU>
     <DESCRIPT>Related EntitySet Name: OutBoundPickProcessSet</DESCRIPT>
    </SEOCOMPOTX>
    <SEOCOMPOTX>
     <CLSNAME>ZCL_ZDLWR_MES_EWM_ODAT_DPC</CLSNAME>
     <CMPNAME>OUTBOUNDPICKPROC_GET_ENTITYSET</CMPNAME>
     <LANGU>E</LANGU>
     <DESCRIPT>Related EntitySet Name: OutBoundPickProcessSet</DESCRIPT>
    </SEOCOMPOTX>
    <SEOCOMPOTX>
     <CLSNAME>ZCL_ZDLWR_MES_EWM_ODAT_DPC</CLSNAME>
     <CMPNAME>OUTBOUNDPICKPROC_UPDATE_ENTITY</CMPNAME>
     <LANGU>E</LANGU>
     <DESCRIPT>Related EntitySet Name: OutBoundPickProcessSet</DESCRIPT>
    </SEOCOMPOTX>
    <SEOCOMPOTX>
     <CLSNAME>ZCL_ZDLWR_MES_EWM_ODAT_DPC</CLSNAME>
     <CMPNAME>PIITEMDETAILSSET_CREATE_ENTITY</CMPNAME>
     <LANGU>E</LANGU>
     <DESCRIPT>Related EntitySet Name: PIItemDetailsSet</DESCRIPT>
    </SEOCOMPOTX>
    <SEOCOMPOTX>
     <CLSNAME>ZCL_ZDLWR_MES_EWM_ODAT_DPC</CLSNAME>
     <CMPNAME>PIITEMDETAILSSET_DELETE_ENTITY</CMPNAME>
     <LANGU>E</LANGU>
     <DESCRIPT>Related EntitySet Name: PIItemDetailsSet</DESCRIPT>
    </SEOCOMPOTX>
    <SEOCOMPOTX>
     <CLSNAME>ZCL_ZDLWR_MES_EWM_ODAT_DPC</CLSNAME>
     <CMPNAME>PIITEMDETAILSSET_GET_ENTITY</CMPNAME>
     <LANGU>E</LANGU>
     <DESCRIPT>Related EntitySet Name: PIItemDetailsSet</DESCRIPT>
    </SEOCOMPOTX>
    <SEOCOMPOTX>
     <CLSNAME>ZCL_ZDLWR_MES_EWM_ODAT_DPC</CLSNAME>
     <CMPNAME>PIITEMDETAILSSET_GET_ENTITYSET</CMPNAME>
     <LANGU>E</LANGU>
     <DESCRIPT>Related EntitySet Name: PIItemDetailsSet</DESCRIPT>
    </SEOCOMPOTX>
    <SEOCOMPOTX>
     <CLSNAME>ZCL_ZDLWR_MES_EWM_ODAT_DPC</CLSNAME>
     <CMPNAME>PIITEMDETAILSSET_UPDATE_ENTITY</CMPNAME>
     <LANGU>E</LANGU>
     <DESCRIPT>Related EntitySet Name: PIItemDetailsSet</DESCRIPT>
    </SEOCOMPOTX>
    <SEOCOMPOTX>
     <CLSNAME>ZCL_ZDLWR_MES_EWM_ODAT_DPC</CLSNAME>
     <CMPNAME>WAREHOUSETASKCON_CREATE_ENTITY</CMPNAME>
     <LANGU>E</LANGU>
     <DESCRIPT>Related EntitySet Name: WarehouseTaskConfirmSet</DESCRIPT>
    </SEOCOMPOTX>
    <SEOCOMPOTX>
     <CLSNAME>ZCL_ZDLWR_MES_EWM_ODAT_DPC</CLSNAME>
     <CMPNAME>WAREHOUSETASKCON_DELETE_ENTITY</CMPNAME>
     <LANGU>E</LANGU>
     <DESCRIPT>Related EntitySet Name: WarehouseTaskConfirmSet</DESCRIPT>
    </SEOCOMPOTX>
    <SEOCOMPOTX>
     <CLSNAME>ZCL_ZDLWR_MES_EWM_ODAT_DPC</CLSNAME>
     <CMPNAME>WAREHOUSETASKCON_GET_ENTITY</CMPNAME>
     <LANGU>E</LANGU>
     <DESCRIPT>Related EntitySet Name: WarehouseTaskConfirmSet</DESCRIPT>
    </SEOCOMPOTX>
    <SEOCOMPOTX>
     <CLSNAME>ZCL_ZDLWR_MES_EWM_ODAT_DPC</CLSNAME>
     <CMPNAME>WAREHOUSETASKCON_GET_ENTITYSET</CMPNAME>
     <LANGU>E</LANGU>
     <DESCRIPT>Related EntitySet Name: WarehouseTaskConfirmSet</DESCRIPT>
    </SEOCOMPOTX>
    <SEOCOMPOTX>
     <CLSNAME>ZCL_ZDLWR_MES_EWM_ODAT_DPC</CLSNAME>
     <CMPNAME>WAREHOUSETASKCON_UPDATE_ENTITY</CMPNAME>
     <LANGU>E</LANGU>
     <DESCRIPT>Related EntitySet Name: WarehouseTaskConfirmSet</DESCRIPT>
    </SEOCOMPOTX>
   </DESCRIPTIONS>
  </asx:values>
 </asx:abap>
</abapGit>
