﻿<?xml version="1.0" encoding="utf-8"?>
<abapGit version="v1.0.0" serializer="LCL_OBJECT_IWPR" serializer_version="v1.0.0">
 <asx:abap xmlns:asx="http://www.sap.com/abapxml" version="1.0">
  <asx:values>
   <_-IWBEP_-I_SBD_AT>
    <_-IWBEP_-I_SBD_AT>
     <PROJECT>ZDLWR_PICOUNTUPDATE</PROJECT>
     <NODE_UUID>YEW9iXyBHuyvlWPmjVajmQ==</NODE_UUID>
     <NODE_UUID_PA>YEW9iXyBHuyvlTQVcaqDlA==</NODE_UUID_PA>
     <PLUGIN_PA>/IWBEP/CORE</PLUGIN_PA>
     <NODE_TYPE_PA>PROJ</NODE_TYPE_PA>
     <NAME>GENERATED_METHODS_RDS</NAME>
     <TYPE>V2_RDS</TYPE>
     <MIME_TYPE>XML</MIME_TYPE>
     <VALUE>PD94bWwgdmVyc2lvbj0iMS4wIiBlbmNvZGluZz0idXRmLTgiPz48YXN4OmFiYXAgdmVyc2lvbj0i
MS4wIiB4bWxuczphc3g9Imh0dHA6Ly93d3cuc2FwLmNvbS9hYmFweG1sIj48YXN4OnZhbHVlcz48
R0VOLz48L2FzeDp2YWx1ZXM+PC9hc3g6YWJhcD4=</VALUE>
    </_-IWBEP_-I_SBD_AT>
   </_-IWBEP_-I_SBD_AT>
   <_-IWBEP_-I_SBD_GA>
    <_-IWBEP_-I_SBD_GA>
     <PROJECT>ZDLWR_PICOUNTUPDATE</PROJECT>
     <NODE_UUID>YEW9iXyBHuyvlWPmHXoDmQ==</NODE_UUID>
     <CREATION_USER_ID>BALAJI</CREATION_USER_ID>
     <CREATION_TIME>20220415105925.454756</CREATION_TIME>
     <LAST_CHG_USER_ID>BALAJI</LAST_CHG_USER_ID>
     <LAST_CHG_TIME>20220421062229.224486</LAST_CHG_TIME>
     <NAME>ZCL_ZDLWR_PICOUNTUPDAT_MPC</NAME>
     <PGMID>R3TR</PGMID>
     <TROBJ_TYPE>CLAS</TROBJ_TYPE>
     <TROBJ_NAME>ZCL_ZDLWR_PICOUNTUPDAT_MPC</TROBJ_NAME>
     <GEN_ART_TYPE>MPCB</GEN_ART_TYPE>
    </_-IWBEP_-I_SBD_GA>
    <_-IWBEP_-I_SBD_GA>
     <PROJECT>ZDLWR_PICOUNTUPDATE</PROJECT>
     <NODE_UUID>YEW9iXyBHuyvlWPmHXojmQ==</NODE_UUID>
     <CREATION_USER_ID>BALAJI</CREATION_USER_ID>
     <CREATION_TIME>20220415105925.454762</CREATION_TIME>
     <LAST_CHG_USER_ID>BALAJI</LAST_CHG_USER_ID>
     <LAST_CHG_TIME>20220421062229.224494</LAST_CHG_TIME>
     <NAME>ZCL_ZDLWR_PICOUNTUPDAT_MPC_EXT</NAME>
     <PGMID>R3TR</PGMID>
     <TROBJ_TYPE>CLAS</TROBJ_TYPE>
     <TROBJ_NAME>ZCL_ZDLWR_PICOUNTUPDAT_MPC_EXT</TROBJ_NAME>
     <GEN_ART_TYPE>MPCS</GEN_ART_TYPE>
    </_-IWBEP_-I_SBD_GA>
    <_-IWBEP_-I_SBD_GA>
     <PROJECT>ZDLWR_PICOUNTUPDATE</PROJECT>
     <NODE_UUID>YEW9iXyBHuyvlWPmHXpDmQ==</NODE_UUID>
     <CREATION_USER_ID>BALAJI</CREATION_USER_ID>
     <CREATION_TIME>20220415105927.876528</CREATION_TIME>
     <NAME>ZCL_ZDLWR_PICOUNTUPDAT_DPC</NAME>
     <PGMID>R3TR</PGMID>
     <TROBJ_TYPE>CLAS</TROBJ_TYPE>
     <TROBJ_NAME>ZCL_ZDLWR_PICOUNTUPDAT_DPC</TROBJ_NAME>
     <GEN_ART_TYPE>DPCB</GEN_ART_TYPE>
    </_-IWBEP_-I_SBD_GA>
    <_-IWBEP_-I_SBD_GA>
     <PROJECT>ZDLWR_PICOUNTUPDATE</PROJECT>
     <NODE_UUID>YEW9iXyBHuyvlWPmHXpjmQ==</NODE_UUID>
     <CREATION_USER_ID>BALAJI</CREATION_USER_ID>
     <CREATION_TIME>20220415105929.074122</CREATION_TIME>
     <NAME>ZCL_ZDLWR_PICOUNTUPDAT_DPC_EXT</NAME>
     <PGMID>R3TR</PGMID>
     <TROBJ_TYPE>CLAS</TROBJ_TYPE>
     <TROBJ_NAME>ZCL_ZDLWR_PICOUNTUPDAT_DPC_EXT</TROBJ_NAME>
     <GEN_ART_TYPE>DPCS</GEN_ART_TYPE>
    </_-IWBEP_-I_SBD_GA>
    <_-IWBEP_-I_SBD_GA>
     <PROJECT>ZDLWR_PICOUNTUPDATE</PROJECT>
     <NODE_UUID>YEW9iXyBHuyvlWPmHXqDmQ==</NODE_UUID>
     <CREATION_USER_ID>BALAJI</CREATION_USER_ID>
     <CREATION_TIME>20220415105930.319991</CREATION_TIME>
     <NAME>ZDLWR_PICOUNTUPDATE_MDL</NAME>
     <PGMID>R3TR</PGMID>
     <TROBJ_TYPE>IWMO</TROBJ_TYPE>
     <TROBJ_NAME>ZDLWR_PICOUNTUPDATE_MDL</TROBJ_NAME>
     <GEN_ART_TYPE>MDL</GEN_ART_TYPE>
    </_-IWBEP_-I_SBD_GA>
    <_-IWBEP_-I_SBD_GA>
     <PROJECT>ZDLWR_PICOUNTUPDATE</PROJECT>
     <NODE_UUID>YEW9iXyBHuyvlWPmHXqjmQ==</NODE_UUID>
     <CREATION_USER_ID>BALAJI</CREATION_USER_ID>
     <CREATION_TIME>20220415105930.320001</CREATION_TIME>
     <NAME>ZDLWR_PICOUNTUPDATE_SRV</NAME>
     <PGMID>R3TR</PGMID>
     <TROBJ_TYPE>IWSV</TROBJ_TYPE>
     <TROBJ_NAME>ZDLWR_PICOUNTUPDATE_SRV</TROBJ_NAME>
     <GEN_ART_TYPE>SRV</GEN_ART_TYPE>
    </_-IWBEP_-I_SBD_GA>
   </_-IWBEP_-I_SBD_GA>
   <_-IWBEP_-I_SBD_GAT>
    <_-IWBEP_-I_SBD_GAT>
     <SYLANGU>E</SYLANGU>
     <PROJECT>ZDLWR_PICOUNTUPDATE</PROJECT>
     <NODE_UUID>YEW9iXyBHuyvlWPmHXoDmQ==</NODE_UUID>
    </_-IWBEP_-I_SBD_GAT>
    <_-IWBEP_-I_SBD_GAT>
     <SYLANGU>E</SYLANGU>
     <PROJECT>ZDLWR_PICOUNTUPDATE</PROJECT>
     <NODE_UUID>YEW9iXyBHuyvlWPmHXojmQ==</NODE_UUID>
    </_-IWBEP_-I_SBD_GAT>
    <_-IWBEP_-I_SBD_GAT>
     <SYLANGU>E</SYLANGU>
     <PROJECT>ZDLWR_PICOUNTUPDATE</PROJECT>
     <NODE_UUID>YEW9iXyBHuyvlWPmHXpDmQ==</NODE_UUID>
    </_-IWBEP_-I_SBD_GAT>
    <_-IWBEP_-I_SBD_GAT>
     <SYLANGU>E</SYLANGU>
     <PROJECT>ZDLWR_PICOUNTUPDATE</PROJECT>
     <NODE_UUID>YEW9iXyBHuyvlWPmHXpjmQ==</NODE_UUID>
    </_-IWBEP_-I_SBD_GAT>
    <_-IWBEP_-I_SBD_GAT>
     <SYLANGU>E</SYLANGU>
     <PROJECT>ZDLWR_PICOUNTUPDATE</PROJECT>
     <NODE_UUID>YEW9iXyBHuyvlWPmHXqDmQ==</NODE_UUID>
    </_-IWBEP_-I_SBD_GAT>
    <_-IWBEP_-I_SBD_GAT>
     <SYLANGU>E</SYLANGU>
     <PROJECT>ZDLWR_PICOUNTUPDATE</PROJECT>
     <NODE_UUID>YEW9iXyBHuyvlWPmHXqjmQ==</NODE_UUID>
    </_-IWBEP_-I_SBD_GAT>
   </_-IWBEP_-I_SBD_GAT>
   <_-IWBEP_-I_SBD_MD>
    <_-IWBEP_-I_SBD_MD>
     <PROJECT>ZDLWR_PICOUNTUPDATE</PROJECT>
     <NODE_UUID>YEW9iXyBHuyvlTQVcaqjlA==</NODE_UUID>
     <NODE_UUID_PA>YEW9iXyBHuyvlTQVcaqDlA==</NODE_UUID_PA>
     <PLUGIN_PA>/IWBEP/CORE</PLUGIN_PA>
     <NODE_TYPE_PA>PROJ</NODE_TYPE_PA>
     <TECHNICAL_NAME>ZDLWR_PICOUNTUPDATE_MDL</TECHNICAL_NAME>
     <VERSION>0001</VERSION>
     <MPC>ZCL_ZDLWR_PICOUNTUPDAT_MPC_EXT</MPC>
     <STATE_NS>S</STATE_NS>
     <VALUE_NS>ZDLWR_PICOUNTUPDATE_SRV</VALUE_NS>
    </_-IWBEP_-I_SBD_MD>
   </_-IWBEP_-I_SBD_MD>
   <_-IWBEP_-I_SBD_MDT>
    <_-IWBEP_-I_SBD_MDT>
     <SYLANGU>E</SYLANGU>
     <PROJECT>ZDLWR_PICOUNTUPDATE</PROJECT>
     <NODE_UUID>YEW9iXyBHuyvlTQVcaqjlA==</NODE_UUID>
    </_-IWBEP_-I_SBD_MDT>
   </_-IWBEP_-I_SBD_MDT>
   <_-IWBEP_-I_SBD_NOI>
    <_-IWBEP_-I_SBD_NOI>
     <PROJECT>ZDLWR_PICOUNTUPDATE</PROJECT>
     <NODE_UUID>YEW9iXyBHuyvlTQVcaqDlA==</NODE_UUID>
    </_-IWBEP_-I_SBD_NOI>
    <_-IWBEP_-I_SBD_NOI>
     <PROJECT>ZDLWR_PICOUNTUPDATE</PROJECT>
     <NODE_UUID>YEW9iXyBHuyvlTQVcaqjlA==</NODE_UUID>
    </_-IWBEP_-I_SBD_NOI>
    <_-IWBEP_-I_SBD_NOI>
     <PROJECT>ZDLWR_PICOUNTUPDATE</PROJECT>
     <NODE_UUID>YEW9iXyBHuyvlTQVcarDlA==</NODE_UUID>
    </_-IWBEP_-I_SBD_NOI>
    <_-IWBEP_-I_SBD_NOI>
     <PROJECT>ZDLWR_PICOUNTUPDATE</PROJECT>
     <NODE_UUID>YEW9iXyBHuyvlTivoP7DlQ==</NODE_UUID>
    </_-IWBEP_-I_SBD_NOI>
    <_-IWBEP_-I_SBD_NOI>
     <PROJECT>ZDLWR_PICOUNTUPDATE</PROJECT>
     <NODE_UUID>YEW9iXyBHuyvlTivoP7jlQ==</NODE_UUID>
    </_-IWBEP_-I_SBD_NOI>
    <_-IWBEP_-I_SBD_NOI>
     <PROJECT>ZDLWR_PICOUNTUPDATE</PROJECT>
     <NODE_UUID>YEW9iXyBHuyvlTivoP8DlQ==</NODE_UUID>
    </_-IWBEP_-I_SBD_NOI>
    <_-IWBEP_-I_SBD_NOI>
     <PROJECT>ZDLWR_PICOUNTUPDATE</PROJECT>
     <NODE_UUID>YEW9iXyBHuyvlTivoP8jlQ==</NODE_UUID>
    </_-IWBEP_-I_SBD_NOI>
    <_-IWBEP_-I_SBD_NOI>
     <PROJECT>ZDLWR_PICOUNTUPDATE</PROJECT>
     <NODE_UUID>YEW9iXyBHuyvlTivoP9DlQ==</NODE_UUID>
    </_-IWBEP_-I_SBD_NOI>
    <_-IWBEP_-I_SBD_NOI>
     <PROJECT>ZDLWR_PICOUNTUPDATE</PROJECT>
     <NODE_UUID>YEW9iXyBHuyvlTivoP9jlQ==</NODE_UUID>
    </_-IWBEP_-I_SBD_NOI>
    <_-IWBEP_-I_SBD_NOI>
     <PROJECT>ZDLWR_PICOUNTUPDATE</PROJECT>
     <NODE_UUID>YEW9iXyBHuyvlTivoP+DlQ==</NODE_UUID>
    </_-IWBEP_-I_SBD_NOI>
    <_-IWBEP_-I_SBD_NOI>
     <PROJECT>ZDLWR_PICOUNTUPDATE</PROJECT>
     <NODE_UUID>YEW9iXyBHuyvlTivoP+jlQ==</NODE_UUID>
    </_-IWBEP_-I_SBD_NOI>
    <_-IWBEP_-I_SBD_NOI>
     <PROJECT>ZDLWR_PICOUNTUPDATE</PROJECT>
     <NODE_UUID>YEW9iXyBHuyvlT6SjjtDlQ==</NODE_UUID>
    </_-IWBEP_-I_SBD_NOI>
    <_-IWBEP_-I_SBD_NOI>
     <PROJECT>ZDLWR_PICOUNTUPDATE</PROJECT>
     <NODE_UUID>YEW9iXyBHuyvlVyFW8TjmQ==</NODE_UUID>
    </_-IWBEP_-I_SBD_NOI>
    <_-IWBEP_-I_SBD_NOI>
     <PROJECT>ZDLWR_PICOUNTUPDATE</PROJECT>
     <NODE_UUID>YEW9iXyBHuyvlVyFW8UDmQ==</NODE_UUID>
    </_-IWBEP_-I_SBD_NOI>
    <_-IWBEP_-I_SBD_NOI>
     <PROJECT>ZDLWR_PICOUNTUPDATE</PROJECT>
     <NODE_UUID>YEW9iXyBHuyvlVyFW8UjmQ==</NODE_UUID>
    </_-IWBEP_-I_SBD_NOI>
    <_-IWBEP_-I_SBD_NOI>
     <PROJECT>ZDLWR_PICOUNTUPDATE</PROJECT>
     <NODE_UUID>YEW9iXyBHuyvlWPmHXoDmQ==</NODE_UUID>
    </_-IWBEP_-I_SBD_NOI>
    <_-IWBEP_-I_SBD_NOI>
     <PROJECT>ZDLWR_PICOUNTUPDATE</PROJECT>
     <NODE_UUID>YEW9iXyBHuyvlWPmHXojmQ==</NODE_UUID>
    </_-IWBEP_-I_SBD_NOI>
    <_-IWBEP_-I_SBD_NOI>
     <PROJECT>ZDLWR_PICOUNTUPDATE</PROJECT>
     <NODE_UUID>YEW9iXyBHuyvlWPmHXpDmQ==</NODE_UUID>
    </_-IWBEP_-I_SBD_NOI>
    <_-IWBEP_-I_SBD_NOI>
     <PROJECT>ZDLWR_PICOUNTUPDATE</PROJECT>
     <NODE_UUID>YEW9iXyBHuyvlWPmHXpjmQ==</NODE_UUID>
    </_-IWBEP_-I_SBD_NOI>
    <_-IWBEP_-I_SBD_NOI>
     <PROJECT>ZDLWR_PICOUNTUPDATE</PROJECT>
     <NODE_UUID>YEW9iXyBHuyvlWPmHXqDmQ==</NODE_UUID>
    </_-IWBEP_-I_SBD_NOI>
    <_-IWBEP_-I_SBD_NOI>
     <PROJECT>ZDLWR_PICOUNTUPDATE</PROJECT>
     <NODE_UUID>YEW9iXyBHuyvlWPmHXqjmQ==</NODE_UUID>
    </_-IWBEP_-I_SBD_NOI>
    <_-IWBEP_-I_SBD_NOI>
     <PROJECT>ZDLWR_PICOUNTUPDATE</PROJECT>
     <NODE_UUID>YEW9iXyBHuyvlWPmjVajmQ==</NODE_UUID>
    </_-IWBEP_-I_SBD_NOI>
    <_-IWBEP_-I_SBD_NOI>
     <PROJECT>ZDLWR_PICOUNTUPDATE</PROJECT>
     <NODE_UUID>YEW9iXyBHuyv4GLKw8UoAQ==</NODE_UUID>
    </_-IWBEP_-I_SBD_NOI>
    <_-IWBEP_-I_SBD_NOI>
     <PROJECT>ZDLWR_PICOUNTUPDATE</PROJECT>
     <NODE_UUID>YEW9iXyBHuyv9OiFkfrpCg==</NODE_UUID>
    </_-IWBEP_-I_SBD_NOI>
    <_-IWBEP_-I_SBD_NOI>
     <PROJECT>ZDLWR_PICOUNTUPDATE</PROJECT>
     <NODE_UUID>YEW9iXyBHuyv9WJK274pDg==</NODE_UUID>
    </_-IWBEP_-I_SBD_NOI>
    <_-IWBEP_-I_SBD_NOI>
     <PROJECT>ZDLWR_PICOUNTUPDATE</PROJECT>
     <NODE_UUID>YEW9iXyBHuyv9WJK275JDg==</NODE_UUID>
    </_-IWBEP_-I_SBD_NOI>
    <_-IWBEP_-I_SBD_NOI>
     <PROJECT>ZDLWR_PICOUNTUPDATE</PROJECT>
     <NODE_UUID>YEW9iXyBHuywp2kgb0usjA==</NODE_UUID>
    </_-IWBEP_-I_SBD_NOI>
   </_-IWBEP_-I_SBD_NOI>
   <_-IWBEP_-I_SBD_OP>
    <_-IWBEP_-I_SBD_OP>
     <PROJECT>ZDLWR_PICOUNTUPDATE</PROJECT>
     <NODE_UUID>YEW9iXyBHuyvlTivoP8jlQ==</NODE_UUID>
     <PARENT_UUID>YEW9iXyBHuyvlTivoP8DlQ==</PARENT_UUID>
     <NAME>Create</NAME>
     <OPERATION_TYPE>C</OPERATION_TYPE>
     <IMP_METHOD>PIITEMDETAILSSET_CREATE_ENTITY</IMP_METHOD>
    </_-IWBEP_-I_SBD_OP>
    <_-IWBEP_-I_SBD_OP>
     <PROJECT>ZDLWR_PICOUNTUPDATE</PROJECT>
     <NODE_UUID>YEW9iXyBHuyvlTivoP9DlQ==</NODE_UUID>
     <PARENT_UUID>YEW9iXyBHuyvlTivoP8DlQ==</PARENT_UUID>
     <NAME>GetEntity (Read)</NAME>
     <OPERATION_TYPE>R</OPERATION_TYPE>
     <IMP_METHOD>PIITEMDETAILSSET_GET_ENTITY</IMP_METHOD>
    </_-IWBEP_-I_SBD_OP>
    <_-IWBEP_-I_SBD_OP>
     <PROJECT>ZDLWR_PICOUNTUPDATE</PROJECT>
     <NODE_UUID>YEW9iXyBHuyvlTivoP9jlQ==</NODE_UUID>
     <PARENT_UUID>YEW9iXyBHuyvlTivoP8DlQ==</PARENT_UUID>
     <NAME>Update</NAME>
     <OPERATION_TYPE>U</OPERATION_TYPE>
     <IMP_METHOD>PIITEMDETAILSSET_UPDATE_ENTITY</IMP_METHOD>
    </_-IWBEP_-I_SBD_OP>
    <_-IWBEP_-I_SBD_OP>
     <PROJECT>ZDLWR_PICOUNTUPDATE</PROJECT>
     <NODE_UUID>YEW9iXyBHuyvlTivoP+DlQ==</NODE_UUID>
     <PARENT_UUID>YEW9iXyBHuyvlTivoP8DlQ==</PARENT_UUID>
     <NAME>Delete</NAME>
     <OPERATION_TYPE>D</OPERATION_TYPE>
     <IMP_METHOD>PIITEMDETAILSSET_DELETE_ENTITY</IMP_METHOD>
    </_-IWBEP_-I_SBD_OP>
    <_-IWBEP_-I_SBD_OP>
     <PROJECT>ZDLWR_PICOUNTUPDATE</PROJECT>
     <NODE_UUID>YEW9iXyBHuyvlTivoP+jlQ==</NODE_UUID>
     <PARENT_UUID>YEW9iXyBHuyvlTivoP8DlQ==</PARENT_UUID>
     <NAME>GetEntitySet (Query)</NAME>
     <OPERATION_TYPE>Q</OPERATION_TYPE>
     <IMP_METHOD>PIITEMDETAILSSET_GET_ENTITYSET</IMP_METHOD>
    </_-IWBEP_-I_SBD_OP>
   </_-IWBEP_-I_SBD_OP>
   <_-IWBEP_-I_SBD_OPT>
    <_-IWBEP_-I_SBD_OPT>
     <SYLANGU>E</SYLANGU>
     <PROJECT>ZDLWR_PICOUNTUPDATE</PROJECT>
     <NODE_UUID>YEW9iXyBHuyvlTivoP8jlQ==</NODE_UUID>
    </_-IWBEP_-I_SBD_OPT>
    <_-IWBEP_-I_SBD_OPT>
     <SYLANGU>E</SYLANGU>
     <PROJECT>ZDLWR_PICOUNTUPDATE</PROJECT>
     <NODE_UUID>YEW9iXyBHuyvlTivoP9DlQ==</NODE_UUID>
    </_-IWBEP_-I_SBD_OPT>
    <_-IWBEP_-I_SBD_OPT>
     <SYLANGU>E</SYLANGU>
     <PROJECT>ZDLWR_PICOUNTUPDATE</PROJECT>
     <NODE_UUID>YEW9iXyBHuyvlTivoP9jlQ==</NODE_UUID>
    </_-IWBEP_-I_SBD_OPT>
    <_-IWBEP_-I_SBD_OPT>
     <SYLANGU>E</SYLANGU>
     <PROJECT>ZDLWR_PICOUNTUPDATE</PROJECT>
     <NODE_UUID>YEW9iXyBHuyvlTivoP+DlQ==</NODE_UUID>
    </_-IWBEP_-I_SBD_OPT>
    <_-IWBEP_-I_SBD_OPT>
     <SYLANGU>E</SYLANGU>
     <PROJECT>ZDLWR_PICOUNTUPDATE</PROJECT>
     <NODE_UUID>YEW9iXyBHuyvlTivoP+jlQ==</NODE_UUID>
    </_-IWBEP_-I_SBD_OPT>
   </_-IWBEP_-I_SBD_OPT>
   <_-IWBEP_-I_SBD_PR>
    <_-IWBEP_-I_SBD_PR>
     <PROJECT>ZDLWR_PICOUNTUPDATE</PROJECT>
     <NODE_UUID>YEW9iXyBHuyvlTQVcaqDlA==</NODE_UUID>
     <CREATION_USER_ID>BALAJI</CREATION_USER_ID>
     <CREATION_TIME>20220415104847.273837</CREATION_TIME>
     <LAST_CHG_USER_ID>BALAJI</LAST_CHG_USER_ID>
     <LAST_CHG_TIME>20220421062232.473679</LAST_CHG_TIME>
     <LAST_CHG_STATE>YEW9iXyBHuywp22Xyh4MjA==</LAST_CHG_STATE>
     <PLUGIN>/IWBEP/GEN</PLUGIN>
     <STRAT_NAME>0001</STRAT_NAME>
     <STRAT_VERSION>0001</STRAT_VERSION>
     <PROJECT_TYPE>1</PROJECT_TYPE>
    </_-IWBEP_-I_SBD_PR>
   </_-IWBEP_-I_SBD_PR>
   <_-IWBEP_-I_SBD_PRT>
    <_-IWBEP_-I_SBD_PRT>
     <PROJECT>ZDLWR_PICOUNTUPDATE</PROJECT>
     <SYLANGU>E</SYLANGU>
     <DESCRIPTION>To Update Count of a Physical Inventory Document</DESCRIPTION>
    </_-IWBEP_-I_SBD_PRT>
   </_-IWBEP_-I_SBD_PRT>
   <_-IWBEP_-I_SBD_SE>
    <_-IWBEP_-I_SBD_SE>
     <PROJECT>ZDLWR_PICOUNTUPDATE</PROJECT>
     <NODE_UUID>YEW9iXyBHuyvlTivoP8DlQ==</NODE_UUID>
     <PARENT_UUID>YEW9iXyBHuyvlTQVcarDlA==</PARENT_UUID>
     <NAME>PIItemDetailsSet</NAME>
     <ENTITY_SET_UUID>YEW9iXyBHuyvlTivoP7jlQ==</ENTITY_SET_UUID>
    </_-IWBEP_-I_SBD_SE>
   </_-IWBEP_-I_SBD_SE>
   <_-IWBEP_-I_SBD_SET>
    <_-IWBEP_-I_SBD_SET>
     <SYLANGU>E</SYLANGU>
     <PROJECT>ZDLWR_PICOUNTUPDATE</PROJECT>
     <NODE_UUID>YEW9iXyBHuyvlTivoP8DlQ==</NODE_UUID>
    </_-IWBEP_-I_SBD_SET>
   </_-IWBEP_-I_SBD_SET>
   <_-IWBEP_-I_SBD_SV>
    <_-IWBEP_-I_SBD_SV>
     <PROJECT>ZDLWR_PICOUNTUPDATE</PROJECT>
     <NODE_UUID>YEW9iXyBHuyvlTQVcarDlA==</NODE_UUID>
     <TECHNICAL_NAME>ZDLWR_PICOUNTUPDATE_SRV</TECHNICAL_NAME>
     <VERSION>0001</VERSION>
     <DPC>ZCL_ZDLWR_PICOUNTUPDAT_DPC_EXT</DPC>
     <EXTERNAL_NAME>ZDLWR_PICOUNTUPDATE_SRV</EXTERNAL_NAME>
    </_-IWBEP_-I_SBD_SV>
   </_-IWBEP_-I_SBD_SV>
   <_-IWBEP_-I_SBD_SVT>
    <_-IWBEP_-I_SBD_SVT>
     <SYLANGU>E</SYLANGU>
     <PROJECT>ZDLWR_PICOUNTUPDATE</PROJECT>
     <NODE_UUID>YEW9iXyBHuyvlTQVcarDlA==</NODE_UUID>
    </_-IWBEP_-I_SBD_SVT>
   </_-IWBEP_-I_SBD_SVT>
   <_-IWBEP_-I_SBO_ES>
    <_-IWBEP_-I_SBO_ES>
     <PROJECT>ZDLWR_PICOUNTUPDATE</PROJECT>
     <NODE_UUID>YEW9iXyBHuyvlTivoP7jlQ==</NODE_UUID>
     <MODEL>YEW9iXyBHuyvlTQVcaqjlA==</MODEL>
     <NAME>PIItemDetailsSet</NAME>
     <ENTITY_TYPE>YEW9iXyBHuyvlTivoP7DlQ==</ENTITY_TYPE>
     <REF_TYPE>T</REF_TYPE>
     <TECH_NAME>PIITEMDETAILSSET</TECH_NAME>
     <CREATABLE_XU>X</CREATABLE_XU>
     <UPDATABLE_XU>X</UPDATABLE_XU>
     <DELETABLE_XU>X</DELETABLE_XU>
     <PAGEABLE_XU>X</PAGEABLE_XU>
     <ADDRESSABLE_XU>X</ADDRESSABLE_XU>
     <SEARCHABLE_XU>X</SEARCHABLE_XU>
     <SUBSCRIBABLE_XU>X</SUBSCRIBABLE_XU>
     <REQUIRES_FLT_XU>X</REQUIRES_FLT_XU>
     <SEMANTIC_XU>X</SEMANTIC_XU>
     <LABEL_REF_XU>X</LABEL_REF_XU>
     <DESCRIPTION_XU>X</DESCRIPTION_XU>
     <ESET_LABEL_XU>X</ESET_LABEL_XU>
     <IN_SERV_DOCU>X</IN_SERV_DOCU>
    </_-IWBEP_-I_SBO_ES>
   </_-IWBEP_-I_SBO_ES>
   <_-IWBEP_-I_SBO_EST>
    <_-IWBEP_-I_SBO_EST>
     <SYLANGU>E</SYLANGU>
     <PROJECT>ZDLWR_PICOUNTUPDATE</PROJECT>
     <NODE_UUID>YEW9iXyBHuyvlTivoP7jlQ==</NODE_UUID>
    </_-IWBEP_-I_SBO_EST>
   </_-IWBEP_-I_SBO_EST>
   <_-IWBEP_-I_SBO_ET>
    <_-IWBEP_-I_SBO_ET>
     <PROJECT>ZDLWR_PICOUNTUPDATE</PROJECT>
     <NODE_UUID>YEW9iXyBHuyvlTivoP7DlQ==</NODE_UUID>
     <NAME>PIItemDetails</NAME>
     <MODEL>YEW9iXyBHuyvlTQVcaqjlA==</MODEL>
     <REF_TYPE>T</REF_TYPE>
     <TECH_NAME>PIITEMDETAILS</TECH_NAME>
     <BASE_TYPE_XU>X</BASE_TYPE_XU>
     <ABSTRACT_XU>X</ABSTRACT_XU>
     <IS_THING_TYPE_XU>X</IS_THING_TYPE_XU>
     <IS_MEDIA_XU>X</IS_MEDIA_XU>
     <SEMANTIC_XU>X</SEMANTIC_XU>
     <FC_TARGET_PATHXU>X</FC_TARGET_PATHXU>
     <TXTR_XU>X</TXTR_XU>
     <ABAP_STRUCT_XU>X</ABAP_STRUCT_XU>
     <DESCRIPTION_XU>X</DESCRIPTION_XU>
     <ET_LABEL_XU>X</ET_LABEL_XU>
    </_-IWBEP_-I_SBO_ET>
   </_-IWBEP_-I_SBO_ET>
   <_-IWBEP_-I_SBO_ETT>
    <_-IWBEP_-I_SBO_ETT>
     <SYLANGU>E</SYLANGU>
     <PROJECT>ZDLWR_PICOUNTUPDATE</PROJECT>
     <NODE_UUID>YEW9iXyBHuyvlTivoP7DlQ==</NODE_UUID>
    </_-IWBEP_-I_SBO_ETT>
   </_-IWBEP_-I_SBO_ETT>
   <_-IWBEP_-I_SBO_PR>
    <_-IWBEP_-I_SBO_PR>
     <PROJECT>ZDLWR_PICOUNTUPDATE</PROJECT>
     <NODE_UUID>YEW9iXyBHuyvlT6SjjtDlQ==</NODE_UUID>
     <PARENT_UUID>YEW9iXyBHuyvlTivoP7DlQ==</PARENT_UUID>
     <NAME>Whno</NAME>
     <IS_KEY>X</IS_KEY>
     <MAX_LENGTH>4</MAX_LENGTH>
     <EDM_CORE_TYPE>Edm.String</EDM_CORE_TYPE>
     <REF_TYPE>T</REF_TYPE>
     <ABAP_FIELD>LGNUM</ABAP_FIELD>
     <ABTY_XU>X</ABTY_XU>
     <SORT_ORDER>1</SORT_ORDER>
     <DESCRIPTION_XU>X</DESCRIPTION_XU>
    </_-IWBEP_-I_SBO_PR>
    <_-IWBEP_-I_SBO_PR>
     <PROJECT>ZDLWR_PICOUNTUPDATE</PROJECT>
     <NODE_UUID>YEW9iXyBHuyvlVyFW8TjmQ==</NODE_UUID>
     <PARENT_UUID>YEW9iXyBHuyvlTivoP7DlQ==</PARENT_UUID>
     <NAME>Invdoc</NAME>
     <IS_KEY>X</IS_KEY>
     <MAX_LENGTH>20</MAX_LENGTH>
     <EDM_CORE_TYPE>Edm.String</EDM_CORE_TYPE>
     <REF_TYPE>T</REF_TYPE>
     <ABAP_FIELD>IBLNR</ABAP_FIELD>
     <ABTY_XU>X</ABTY_XU>
     <SORT_ORDER>2</SORT_ORDER>
     <DESCRIPTION_XU>X</DESCRIPTION_XU>
    </_-IWBEP_-I_SBO_PR>
    <_-IWBEP_-I_SBO_PR>
     <PROJECT>ZDLWR_PICOUNTUPDATE</PROJECT>
     <NODE_UUID>YEW9iXyBHuyvlVyFW8UDmQ==</NODE_UUID>
     <PARENT_UUID>YEW9iXyBHuyvlTivoP7DlQ==</PARENT_UUID>
     <NAME>Itemno</NAME>
     <IS_KEY>X</IS_KEY>
     <MAX_LENGTH>6</MAX_LENGTH>
     <EDM_CORE_TYPE>Edm.String</EDM_CORE_TYPE>
     <REF_TYPE>T</REF_TYPE>
     <ABAP_FIELD>POSNR</ABAP_FIELD>
     <ABTY_XU>X</ABTY_XU>
     <SORT_ORDER>3</SORT_ORDER>
     <DESCRIPTION_XU>X</DESCRIPTION_XU>
    </_-IWBEP_-I_SBO_PR>
    <_-IWBEP_-I_SBO_PR>
     <PROJECT>ZDLWR_PICOUNTUPDATE</PROJECT>
     <NODE_UUID>YEW9iXyBHuyvlVyFW8UjmQ==</NODE_UUID>
     <PARENT_UUID>YEW9iXyBHuyvlTivoP7DlQ==</PARENT_UUID>
     <NAME>Material</NAME>
     <IS_KEY>X</IS_KEY>
     <MAX_LENGTH>40</MAX_LENGTH>
     <EDM_CORE_TYPE>Edm.String</EDM_CORE_TYPE>
     <REF_TYPE>T</REF_TYPE>
     <ABAP_FIELD>MATNR</ABAP_FIELD>
     <ABTY_XU>X</ABTY_XU>
     <SORT_ORDER>5</SORT_ORDER>
     <DESCRIPTION_XU>X</DESCRIPTION_XU>
    </_-IWBEP_-I_SBO_PR>
    <_-IWBEP_-I_SBO_PR>
     <PROJECT>ZDLWR_PICOUNTUPDATE</PROJECT>
     <NODE_UUID>YEW9iXyBHuyv4GLKw8UoAQ==</NODE_UUID>
     <PARENT_UUID>YEW9iXyBHuyvlTivoP7DlQ==</PARENT_UUID>
     <NAME>Year</NAME>
     <IS_KEY>X</IS_KEY>
     <MAX_LENGTH>40</MAX_LENGTH>
     <EDM_CORE_TYPE>Edm.String</EDM_CORE_TYPE>
     <REF_TYPE>T</REF_TYPE>
     <ABAP_FIELD>GJAHR</ABAP_FIELD>
     <ABTY_XU>X</ABTY_XU>
     <SORT_ORDER>4</SORT_ORDER>
     <DESCRIPTION_XU>X</DESCRIPTION_XU>
    </_-IWBEP_-I_SBO_PR>
    <_-IWBEP_-I_SBO_PR>
     <PROJECT>ZDLWR_PICOUNTUPDATE</PROJECT>
     <NODE_UUID>YEW9iXyBHuyv9OiFkfrpCg==</NODE_UUID>
     <PARENT_UUID>YEW9iXyBHuyvlTivoP7DlQ==</PARENT_UUID>
     <NAME>Quantity</NAME>
     <IS_KEY>X</IS_KEY>
     <EDM_CORE_TYPE>Edm.Decimal</EDM_CORE_TYPE>
     <REF_TYPE>T</REF_TYPE>
     <ABAP_FIELD>MENGE</ABAP_FIELD>
     <ABTY_XU>X</ABTY_XU>
     <SORT_ORDER>6</SORT_ORDER>
     <DESCRIPTION_XU>X</DESCRIPTION_XU>
    </_-IWBEP_-I_SBO_PR>
    <_-IWBEP_-I_SBO_PR>
     <PROJECT>ZDLWR_PICOUNTUPDATE</PROJECT>
     <NODE_UUID>YEW9iXyBHuyv9WJK274pDg==</NODE_UUID>
     <PARENT_UUID>YEW9iXyBHuyvlTivoP7DlQ==</PARENT_UUID>
     <NAME>Message</NAME>
     <MAX_LENGTH>100</MAX_LENGTH>
     <EDM_CORE_TYPE>Edm.String</EDM_CORE_TYPE>
     <REF_TYPE>T</REF_TYPE>
     <ABAP_FIELD>MESSAGE</ABAP_FIELD>
     <ABTY_XU>X</ABTY_XU>
     <SORT_ORDER>8</SORT_ORDER>
     <DESCRIPTION_XU>X</DESCRIPTION_XU>
    </_-IWBEP_-I_SBO_PR>
    <_-IWBEP_-I_SBO_PR>
     <PROJECT>ZDLWR_PICOUNTUPDATE</PROJECT>
     <NODE_UUID>YEW9iXyBHuyv9WJK275JDg==</NODE_UUID>
     <PARENT_UUID>YEW9iXyBHuyvlTivoP7DlQ==</PARENT_UUID>
     <NAME>Success</NAME>
     <MAX_LENGTH>1</MAX_LENGTH>
     <EDM_CORE_TYPE>Edm.String</EDM_CORE_TYPE>
     <REF_TYPE>T</REF_TYPE>
     <ABAP_FIELD>FLAG</ABAP_FIELD>
     <ABTY_XU>X</ABTY_XU>
     <SORT_ORDER>9</SORT_ORDER>
     <DESCRIPTION_XU>X</DESCRIPTION_XU>
    </_-IWBEP_-I_SBO_PR>
    <_-IWBEP_-I_SBO_PR>
     <PROJECT>ZDLWR_PICOUNTUPDATE</PROJECT>
     <NODE_UUID>YEW9iXyBHuywp2kgb0usjA==</NODE_UUID>
     <PARENT_UUID>YEW9iXyBHuyvlTivoP7DlQ==</PARENT_UUID>
     <NAME>Unit</NAME>
     <IS_KEY>X</IS_KEY>
     <MAX_LENGTH>3</MAX_LENGTH>
     <EDM_CORE_TYPE>Edm.String</EDM_CORE_TYPE>
     <REF_TYPE>T</REF_TYPE>
     <ABAP_FIELD>UNIT</ABAP_FIELD>
     <ABTY_XU>X</ABTY_XU>
     <SORT_ORDER>7</SORT_ORDER>
     <DESCRIPTION_XU>X</DESCRIPTION_XU>
    </_-IWBEP_-I_SBO_PR>
   </_-IWBEP_-I_SBO_PR>
   <_-IWBEP_-I_SBO_PRT>
    <_-IWBEP_-I_SBO_PRT>
     <SYLANGU>E</SYLANGU>
     <PROJECT>ZDLWR_PICOUNTUPDATE</PROJECT>
     <NODE_UUID>YEW9iXyBHuyvlT6SjjtDlQ==</NODE_UUID>
     <PROP_LABEL>Warehouse Number</PROP_LABEL>
    </_-IWBEP_-I_SBO_PRT>
    <_-IWBEP_-I_SBO_PRT>
     <SYLANGU>E</SYLANGU>
     <PROJECT>ZDLWR_PICOUNTUPDATE</PROJECT>
     <NODE_UUID>YEW9iXyBHuyvlVyFW8TjmQ==</NODE_UUID>
     <PROP_LABEL>Physical Inventory Document Number</PROP_LABEL>
    </_-IWBEP_-I_SBO_PRT>
    <_-IWBEP_-I_SBO_PRT>
     <SYLANGU>E</SYLANGU>
     <PROJECT>ZDLWR_PICOUNTUPDATE</PROJECT>
     <NODE_UUID>YEW9iXyBHuyvlVyFW8UDmQ==</NODE_UUID>
     <PROP_LABEL>Item</PROP_LABEL>
    </_-IWBEP_-I_SBO_PRT>
    <_-IWBEP_-I_SBO_PRT>
     <SYLANGU>E</SYLANGU>
     <PROJECT>ZDLWR_PICOUNTUPDATE</PROJECT>
     <NODE_UUID>YEW9iXyBHuyvlVyFW8UjmQ==</NODE_UUID>
     <PROP_LABEL>Material</PROP_LABEL>
    </_-IWBEP_-I_SBO_PRT>
    <_-IWBEP_-I_SBO_PRT>
     <SYLANGU>E</SYLANGU>
     <PROJECT>ZDLWR_PICOUNTUPDATE</PROJECT>
     <NODE_UUID>YEW9iXyBHuyv4GLKw8UoAQ==</NODE_UUID>
     <PROP_LABEL>GJAHR</PROP_LABEL>
    </_-IWBEP_-I_SBO_PRT>
    <_-IWBEP_-I_SBO_PRT>
     <SYLANGU>E</SYLANGU>
     <PROJECT>ZDLWR_PICOUNTUPDATE</PROJECT>
     <NODE_UUID>YEW9iXyBHuyv9OiFkfrpCg==</NODE_UUID>
     <PROP_LABEL>Quantity</PROP_LABEL>
    </_-IWBEP_-I_SBO_PRT>
    <_-IWBEP_-I_SBO_PRT>
     <SYLANGU>E</SYLANGU>
     <PROJECT>ZDLWR_PICOUNTUPDATE</PROJECT>
     <NODE_UUID>YEW9iXyBHuyv9WJK274pDg==</NODE_UUID>
     <PROP_LABEL>Message</PROP_LABEL>
    </_-IWBEP_-I_SBO_PRT>
    <_-IWBEP_-I_SBO_PRT>
     <SYLANGU>E</SYLANGU>
     <PROJECT>ZDLWR_PICOUNTUPDATE</PROJECT>
     <NODE_UUID>YEW9iXyBHuyv9WJK275JDg==</NODE_UUID>
     <PROP_LABEL>Success</PROP_LABEL>
    </_-IWBEP_-I_SBO_PRT>
    <_-IWBEP_-I_SBO_PRT>
     <SYLANGU>E</SYLANGU>
     <PROJECT>ZDLWR_PICOUNTUPDATE</PROJECT>
     <NODE_UUID>YEW9iXyBHuywp2kgb0usjA==</NODE_UUID>
     <PROP_LABEL>UOM</PROP_LABEL>
    </_-IWBEP_-I_SBO_PRT>
   </_-IWBEP_-I_SBO_PRT>
  </asx:values>
 </asx:abap>
</abapGit>
